name,email,password,gender,year,country,avatar
Ayesha Rahman,ayesha.rahman@carrier.ai,Ayesha@123,female,1980,Bangladesh,01_female_2001.jpg.jpg
Rafiul Islam,rafiul.islam@carrier.ai,Rafiul@123,male,1981,Bangladesh,02_male_1998.jpg.jpg
Mehnaz Karim,mehnaz.karim@carrier.ai,Mehnaz@123,female,1982,India,04_female_1987.jpg.jpeg
Farhan Ali,farhan.ali@carrier.ai,Farhan@123,male,1983,Pakistan,03_male_1997.jpg.jpeg
Nusrat Jahan,nusrat.jahan@carrier.ai,Nusrat@123,female,1984,Nepal,07_female_2001.jpg.jpg
Tahmid Chowdhury,tahmid.chowdhury@carrier.ai,Tahmid@123,male,1985,Bangladesh,06_male_1999.jpg.jpg
Samira Noor,samira.noor@carrier.ai,Samira@123,female,1986,Sri Lanka,5_female_1986.jpg.jpg
Imran Haque,imran.haque@carrier.ai,Imran@123,male,1987,Bangladesh,08_male_1968.jpg.jpg
Rumana Akter,rumana.akter@carrier.ai,Rumana@123,female,1988,Malaysia,12_female_1989.jpg.jpg
Zahid Hasan,zahid.hasan@carrier.ai,Zahid@123,male,1989,Bangladesh,09_male_1982.jpg.jpg
Sadia Ahmed,sadia.ahmed@carrier.ai,Sadia@123,female,1990,India,01_female_2001.jpg.jpg
Adnan Ahmed,adnan.ahmed@carrier.ai,Adnan@123,male,1991,Bangladesh,10_male_19981.jpg.jpg
Maliha Khan,maliha.khan@carrier.ai,Maliha@123,female,1992,Australia,04_female_1987.jpg.jpeg
Tanvir Rahman,tanvir.rahman@carrier.ai,Tanvir@123,male,1993,UK,11_male_1970.jpg.jpg
Shaila Sultana,shaila.sultana@carrier.ai,Shaila@123,female,1994,USA,07_female_2001.jpg.jpg
Mahir Khan,mahir.khan@carrier.ai,Mahir@123,male,1990,Bangladesh,12_male_2011.jpg.jpeg
Sohana Parvin,sohana.parvin@carrier.ai,Sohana@123,female,1991,India,5_female_1986.jpg.jpg
Rehan Chowdhury,rehan.chowdhury@carrier.ai,Rehan@123,male,1992,Pakistan,02_male_1998.jpg.jpg
Lubna Tasnim,lubna.tasnim@carrier.ai,Lubna@123,female,1993,Malaysia,01_female_2001.jpg.jpg
Arif Hossain,arif.hossain@carrier.ai,Arif@123,male,1994,Bangladesh,03_male_1997.jpg.jpeg
Elma Sultana,elma.sultana@carrier.ai,Elma@123,female,1995,Nepal,04_female_1987.jpg.jpeg
Sajid Rahim,sajid.rahim@carrier.ai,Sajid@123,male,1996,Sri Lanka,06_male_1999.jpg.jpg
Nabila Noor,nabila.noor@carrier.ai,Nabila@123,female,1997,Bangladesh,12_female_1989.jpg.jpg
Rayhan Uddin,rayhan.uddin@carrier.ai,Rayhan@123,male,1998,India,08_male_1968.jpg.jpg
Taslima Akhter,taslima.akhter@carrier.ai,Taslima@123,female,1999,USA,07_female_2001.jpg.jpg

