full_name,email_address,password,gender,country,year,profile_picture,recommendations_selected,bio
Ayesha Rahman,ayesha.rahman@carrier.ai,Ayesha@123,female,Bangladesh,1980,Faces/01_female_2001.jpg.jpg,,
Rafiul Islam,rafiul.islam@carrier.ai,Rafiul@123,male,Bangladesh,1981,Faces/02_male_1998.jpg.jpg,,
Mehnaz Karim,mehnaz.karim@carrier.ai,Mehnaz@123,female,India,1982,Faces/04_female_1987.jpg.jpeg,,
Farhan Ali,farhan.ali@carrier.ai,Farhan@123,male,Pakistan,1983,Faces/03_male_1997.jpg.jpeg,,
Nusrat Jahan,nusrat.jahan@carrier.ai,Nusrat@123,female,Nepal,1984,Faces/07_female_2001.jpg.jpg,,
Tahmid Chowdhury,tahmid.chowdhury@carrier.ai,Tahmid@123,male,Bangladesh,1985,Faces/06_male_1999.jpg.jpg,,
Samira Noor,samira.noor@carrier.ai,Samira@123,female,Sri Lanka,1986,Faces/5_female_1986.jpg.jpg,,
Imran Haque,imran.haque@carrier.ai,Imran@123,male,Bangladesh,1987,Faces/08_male_1968.jpg.jpg,,
Rumana Akter,rumana.akter@carrier.ai,Rumana@123,female,Malaysia,1988,Faces/12_female_1989.jpg.jpg,,
Zahid Hasan,zahid.hasan@carrier.ai,Zahid@123,male,Bangladesh,1989,Faces/09_male_1982.jpg.jpg,,
Sadia Ahmed,sadia.ahmed@carrier.ai,Sadia@123,female,India,1990,Faces/01_female_2001.jpg.jpg,,
Adnan Ahmed,adnan.ahmed@carrier.ai,Adnan@123,male,Bangladesh,1991,Faces/10_male_19981.jpg.jpg,,
Maliha Khan,maliha.khan@carrier.ai,Maliha@123,female,Australia,1992,Faces/04_female_1987.jpg.jpeg,,
Tanvir Rahman,tanvir.rahman@carrier.ai,Tanvir@123,male,UK,1993,Faces/11_male_1970.jpg.jpg,,
Shaila Sultana,shaila.sultana@carrier.ai,Shaila@123,female,USA,1994,Faces/07_female_2001.jpg.jpg,,
Mahir Khan,mahir.khan@carrier.ai,Mahir@123,male,Bangladesh,1990,Faces/12_male_2011.jpg.jpeg,,
Sohana Parvin,sohana.parvin@carrier.ai,Sohana@123,female,India,1991,Faces/5_female_1986.jpg.jpg,,
Rehan Chowdhury,rehan.chowdhury@carrier.ai,Rehan@123,male,Pakistan,1992,Faces/02_male_1998.jpg.jpg,,
Lubna Tasnim,lubna.tasnim@carrier.ai,Lubna@123,female,Malaysia,1993,Faces/01_female_2001.jpg.jpg,,
Arif Hossain,arif.hossain@carrier.ai,Arif@123,male,Bangladesh,1994,Faces/03_male_1997.jpg.jpeg,,
Elma Sultana,elma.sultana@carrier.ai,Elma@123,female,Nepal,1995,Faces/04_female_1987.jpg.jpeg,,
Sajid Rahim,sajid.rahim@carrier.ai,Sajid@123,male,Sri Lanka,1996,Faces/06_male_1999.jpg.jpg,,
Nabila Noor,nabila.noor@carrier.ai,Nabila@123,female,Bangladesh,1997,Faces/12_female_1989.jpg.jpg,,
Rayhan Uddin,rayhan.uddin@carrier.ai,Rayhan@123,male,India,1998,Faces/08_male_1968.jpg.jpg,,
Taslima Akhter,taslima.akhter@carrier.ai,Taslima@123,female,USA,1999,Faces/07_female_2001.jpg.jpg,,
